Day,Start Time,End Time,Artist,Stage
Friday,5:00 PM,7:00 PM,Heidi Lawden B2B Masha Mar,Bionic Jungle
Friday,5:00 PM,6:55 PM,Max Dean B2B Luke Dean,Cosmic Meadow
Friday,7:00 PM,8:00 PM,1991,Circuit Grounds
Friday,7:00 PM,8:00 PM,Abana B2B Juliet Mendoza,Stereo Bloom
Friday,7:00 PM,8:30 PM,Anastazja,Neon Garden
Friday,7:00 PM,8:00 PM,Big Daddy Kess,Forest House
Friday,7:00 PM,8:30 PM,DØMINA,Wasteland
Friday,7:00 PM,8:15 PM,gl00m13,Picnic Party Art Car
Friday,7:00 PM,7:55 PM,Jackie Hollander,Cosmic Meadow
Friday,7:00 PM,8:30 PM,Jem,Electrolit Hydration House
Friday,7:00 PM,8:00 PM,JRuiz,Casa Bacardí
Friday,7:00 PM,8:30 PM,The Kandyman,Insomniac Fridays
Friday,7:00 PM,8:00 PM,Laidback Luke B2B Chuckie,Kinetic Field
Friday,7:00 PM,8:15 PM,Not Not,BeatBox Art Car
Friday,7:00 PM,7:50 PM,RIOT,Basspod
Friday,7:00 PM,8:00 PM,Sarah de Warren,Quantum Valley
Friday,7:00 PM,8:00 PM,Soso Drii,YeeDC!
Friday,7:00 PM,8:00 PM,Stacy Christine,Bionic Jungle
Friday,7:00 PM,8:30 PM,Trouble,Takis Rave Hangar
Friday,7:50 PM,8:40 PM,HEYZ,Basspod
Friday,7:55 PM,8:55 PM,Roddy Lima,Cosmic Meadow
Friday,8:00 PM,9:00 PM,Bou,Circuit Grounds
Friday,8:00 PM,9:00 PM,Cardo,Casa Bacardí
Friday,8:00 PM,9:30 PM,The Carry Nation,Bionic Jungle
Friday,8:00 PM,9:00 PM,Korolova,Kinetic Field
Friday,8:00 PM,9:00 PM,Matty Ralph,Quantum Valley
Friday,8:00 PM,9:00 PM,SLAMM,Stereo Bloom
Friday,8:00 PM,9:00 PM,Sussy,Forest House
Friday,8:15 PM,9:30 PM,Mer Bear,BeatBox Art Car
Friday,8:15 PM,9:30 PM,Punky Brewstar,Picnic Party Art Car
Friday,8:30 PM,9:45 PM,Demigod,Insomniac Fridays
Friday,8:30 PM,10:00 PM,Dip Vertigo,Takis Rave Hangar
Friday,8:30 PM,10:00 PM,MËSTIZA,Neon Garden
Friday,8:30 PM,9:30 PM,Serafina,Wasteland
Friday,8:40 PM,9:30 PM,MUZZ,Basspod
Friday,8:45 PM,9:45 PM,$ami G,YeeDC!
Friday,8:55 PM,9:55 PM,Westend,Cosmic Meadow
Friday,9:00 PM,10:00 PM,Argy,Kinetic Field
Friday,9:00 PM,10:00 PM,Cold Blue,Quantum Valley
Friday,9:00 PM,10:00 PM,Dono,Forest House
Friday,9:00 PM,10:00 PM,J Patron,Casa Bacardí
Friday,9:00 PM,10:15 PM,Luuk van Dijk,Stereo Bloom
Friday,9:00 PM,10:00 PM,Nico Moreno,Circuit Grounds
Friday,9:30 PM,10:30 PM,GorillaT,Basspod
Friday,9:30 PM,10:45 PM,InSpeKtor GadJet,Picnic Party Art Car
Friday,9:30 PM,10:30 PM,Johannes Schuster,Wasteland
Friday,9:30 PM,10:45 PM,Lady Sinclair,BeatBox Art Car
Friday,9:30 PM,11:00 PM,Massimiliano Pagliara,Bionic Jungle
Friday,9:45 PM,11:00 PM,Louis Love,Insomniac Fridays
Friday,9:55 PM,10:55 PM,Walker & Royce B2B VNSSA,Cosmic Meadow
Friday,10:00 PM,11:30 PM,CC Love,Casa Bacardí
Friday,10:00 PM,11:30 PM,DJ Tennis B2B Chloé Caillet,Neon Garden
Friday,10:00 PM,11:15 PM,I Hate Models,Circuit Grounds
Friday,10:00 PM,11:30 PM,Kelland,Electrolit Hydration House
Friday,10:00 PM,11:30 PM,Machete,Takis Rave Hangar
Friday,10:00 PM,11:00 PM,Max Low,Forest House
Friday,10:00 PM,11:00 PM,Pegassi,Quantum Valley
Friday,10:07 PM,11:15 PM,Chris Lorenzo,Kinetic Field
Friday,10:15 PM,11:15 PM,Dirty Audio,YeeDC!
Friday,10:15 PM,11:30 PM,Omar+,Stereo Bloom
Friday,10:30 PM,11:30 PM,Adrián Mills,Wasteland
Friday,10:30 PM,11:30 PM,Ghengar,Basspod
Friday,10:45 PM,12:00 AM,SKIBKID,Picnic Party Art Car
Friday,10:45 PM,12:00 AM,Tsu Nami presents Club Tsu,BeatBox Art Car
Friday,11:00 PM,12:00 AM,Darude,Quantum Valley
Friday,11:00 PM,12:00 AM,Joey G,Forest House
Friday,11:00 PM,12:30 AM,PARAMIDA,Bionic Jungle
Friday,11:00 PM,12:15 AM,R.A.W.,Insomniac Fridays
Friday,11:10 PM,12:10 AM,Underworld,Cosmic Meadow
Friday,11:15 PM,12:25 AM,Levity,Circuit Grounds
Friday,11:19 PM,12:28 AM,Sofi Tukker,Kinetic Field
Friday,11:30 PM,12:30 AM,Cloudy,Wasteland
Friday,11:30 PM,1:00 AM,Danny The Wildchild,Takis Rave Hangar
Friday,11:30 PM,12:30 AM,Deathpact ∞ Deathpact,Basspod
Friday,11:30 PM,1:00 AM,JFUSE,Casa Bacardí
Friday,11:30 PM,1:00 AM,Juliet Mendoza,Electrolit Hydration House
Friday,11:30 PM,12:45 AM,Luke Dean,Stereo Bloom
Friday,11:30 PM,1:00 AM,Peggy Gou,Neon Garden
Friday,12:00 AM,1:30 AM,99jakes,Picnic Party Art Car
Friday,12:00 AM,1:30 AM,ARMNHMR presents Passport,BeatBox Art Car
Friday,12:00 AM,1:00 AM,Cosmic Gate,Quantum Valley
Friday,12:00 AM,1:00 AM,Grant Fisher,YeeDC!
Friday,12:00 AM,1:00 AM,Taylor Kade,Forest House
Friday,12:15 AM,1:30 AM,Ron D Core,Insomniac Fridays
Friday,12:25 AM,1:40 AM,MEDUZA³,Cosmic Meadow
Friday,12:25 AM,1:35 AM,Wooli,Circuit Grounds
Friday,12:30 AM,1:30 AM,ATLiens,Basspod
Friday,12:30 AM,1:30 AM,KUKO,Wasteland
Friday,12:30 AM,2:30 AM,salute B2B Chloé Caillet,Bionic Jungle
Friday,12:32 AM,1:40 AM,The Chainsmokers,Kinetic Field
Friday,12:45 AM,2:00 AM,Josh Baker,Stereo Bloom
Friday,1:00 AM,2:30 AM,Adriatique,Neon Garden
Friday,1:00 AM,2:00 AM,Castor & Pollux,Forest House
Friday,1:00 AM,2:30 AM,Dramos,Casa Bacardí
Friday,1:00 AM,2:00 AM,Gareth Emery,Quantum Valley
Friday,1:00 AM,2:30 AM,Gold Lemonade,Electrolit Hydration House
Friday,1:00 AM,2:30 AM,MR DEEDS,Takis Rave Hangar
Friday,1:30 AM,3:00 AM,ero808,BeatBox Art Car
Friday,1:30 AM,2:30 AM,GRAVEDGR,Wasteland
Friday,1:30 AM,3:00 AM,Hixxy,Picnic Party Art Car
Friday,1:30 AM,2:30 AM,Kai Wachi,Basspod
Friday,1:30 AM,2:45 AM,Moonpup,Insomniac Fridays
Friday,1:30 AM,2:30 AM,Roadhouse,YeeDC!
Friday,1:35 AM,2:35 AM,The Outlaw,Circuit Grounds
Friday,1:47 AM,2:57 AM,Fisher,Kinetic Field
Friday,1:47 AM,2:47 AM,Notion,Cosmic Meadow
Friday,2:00 AM,3:00 AM,Ilan Bluestone,Quantum Valley
Friday,2:00 AM,3:15 AM,Max Dean,Stereo Bloom
Friday,2:00 AM,3:00 AM,Zaanee,Forest House
Friday,2:30 AM,3:30 AM,Adventure Club (Throwback Set),Basspod
Friday,2:30 AM,4:00 AM,Guari,Casa Bacardí
Friday,2:30 AM,4:00 AM,Joseph Capriati,Neon Garden
Friday,2:30 AM,4:00 AM,NXSTY,Electrolit Hydration House
Friday,2:30 AM,4:00 AM,R.A.W.,Takis Rave Hangar
Friday,2:30 AM,3:30 AM,Rebekah,Wasteland
Friday,2:30 AM,4:00 AM,Robert Hood,Bionic Jungle
Friday,2:35 AM,3:30 AM,Holy Priest,Circuit Grounds
Friday,2:45 AM,4:00 AM,Steve Leclair,Insomniac Fridays
Friday,2:47 AM,4:02 AM,MPH,Cosmic Meadow
Friday,3:00 AM,4:15 AM,Kelland,BeatBox Art Car
Friday,3:00 AM,4:15 AM,Kygore,Picnic Party Art Car
Friday,3:00 AM,4:00 AM,Paul van Dyk,Quantum Valley
Friday,3:00 AM,4:00 AM,TC,Forest House
Friday,3:01 AM,4:10 AM,Porter Robinson (DJ Set),Kinetic Field
Friday,3:15 AM,4:15 AM,Lucky Lou,YeeDC!
Friday,3:15 AM,4:30 AM,Obskür,Stereo Bloom
Friday,3:30 AM,4:30 AM,Culture Shock,Basspod
Friday,3:30 AM,4:30 AM,DYEN,Wasteland
Friday,3:30 AM,4:30 AM,Ray Volpe,Circuit Grounds
Friday,4:00 AM,5:30 AM,Avalon Emerson,Bionic Jungle
Friday,4:00 AM,5:30 AM,Darren Porter,Quantum Valley
Friday,4:00 AM,5:30 AM,DJ Exile,Casa Bacardí
Friday,4:00 AM,5:30 AM,Eli Brown,Neon Garden
Friday,4:00 AM,5:30 AM,Jason Splat,Insomniac Fridays
Friday,4:00 AM,5:30 AM,PLS&TY,Forest House
Friday,4:00 AM,5:30 AM,Skanka,Takis Rave Hangar
Friday,4:02 AM,5:30 AM,San Pacho,Cosmic Meadow
Friday,4:14 AM,5:28 AM,Charlotte de Witte,Kinetic Field
Friday,4:15 AM,5:30 AM,Hartshorn,Picnic Party Art Car
Friday,4:15 AM,5:30 AM,Tavatli,BeatBox Art Car
Friday,4:30 AM,5:30 AM,Cyclops,Basspod
Friday,4:30 AM,5:30 AM,Level Up,Circuit Grounds
Friday,4:30 AM,5:30 AM,Stan Christ,Wasteland
Friday,4:30 AM,5:30 AM,Toman,Stereo Bloom
Saturday,7:00 PM,7:45 PM,AJ Ball,Forest House
Saturday,7:00 PM,8:00 PM,AR/CO,Kinetic Field
Saturday,7:00 PM,8:00 PM,Carneyval,YeeDC!
Saturday,7:00 PM,8:30 PM,CUTDWN,Wasteland
Saturday,7:00 PM,8:30 PM,DJ Flite,Insomniac Fridays
Saturday,7:00 PM,8:00 PM,DJ Mandy,Circuit Grounds
Saturday,7:00 PM,8:30 PM,Espii,Electrolit Hydration House
Saturday,7:00 PM,7:50 PM,Fallen with MC Dino,Basspod
Saturday,7:00 PM,8:15 PM,Frost Children,Cosmic Meadow
Saturday,7:00 PM,8:15 PM,Gusta,BeatBox Art Car
Saturday,7:00 PM,8:30 PM,Lucky Lou,Casa Bacardí
Saturday,7:00 PM,8:30 PM,Maria Healy,Quantum Valley
Saturday,7:00 PM,8:30 PM,mink,Neon Garden
Saturday,7:00 PM,8:15 PM,N0where G1rl,Picnic Party Art Car
Saturday,7:00 PM,8:30 PM,PHNX,Takis Rave Hangar
Saturday,7:00 PM,8:00 PM,Player Dave,Bionic Jungle
Saturday,7:00 PM,8:00 PM,Slugg,Stereo Bloom
Saturday,7:45 PM,8:45 PM,Linney,Forest House
Saturday,7:50 PM,8:40 PM,AVELLO B2B Dennett,Basspod
Saturday,8:00 PM,9:00 PM,DREYA V,Stereo Bloom
Saturday,8:00 PM,9:00 PM,HAYLA,Kinetic Field
Saturday,8:00 PM,9:15 PM,RØZ,Circuit Grounds
Saturday,8:00 PM,9:00 PM,Spray,Bionic Jungle
Saturday,8:15 PM,9:30 PM,Androcided,Picnic Party Art Car
Saturday,8:15 PM,9:25 PM,Hannah Laing,Cosmic Meadow
Saturday,8:15 PM,9:30 PM,RAJE,BeatBox Art Car
Saturday,8:30 PM,9:30 PM,Dead X,Wasteland
Saturday,8:30 PM,10:00 PM,Luke Alexander,Casa Bacardí
Saturday,8:30 PM,10:00 PM,Mateeezy,Electrolit Hydration House
Saturday,8:30 PM,10:00 PM,Nightstalker,Takis Rave Hangar
Saturday,8:30 PM,10:00 PM,Silvie Loto,Neon Garden
Saturday,8:30 PM,9:30 PM,SUPERSTRINGS,Quantum Valley
Saturday,8:30 PM,9:45 PM,Tony Gamboa,Insomniac Fridays
Saturday,8:40 PM,9:30 PM,Viperactive,Basspod
Saturday,8:45 PM,9:45 PM,Justus,Forest House
Saturday,8:45 PM,9:45 PM,Roxy Ferrari,YeeDC!
Saturday,9:00 PM,10:30 PM,Bashkka B2B Sedef Adası,Bionic Jungle
Saturday,9:00 PM,10:00 PM,Discip,Stereo Bloom
Saturday,9:00 PM,10:00 PM,Sub Focus,Kinetic Field
Saturday,9:15 PM,10:45 PM,KETTAMA,Circuit Grounds
Saturday,9:25 PM,10:15 PM,Snow Strippers,Cosmic Meadow
Saturday,9:30 PM,10:45 PM,Benni Ola,BeatBox Art Car
Saturday,9:30 PM,10:30 PM,Billy Gillies,Quantum Valley
Saturday,9:30 PM,10:30 PM,Hybrid Minds,Basspod
Saturday,9:30 PM,10:45 PM,Love2Hate,Picnic Party Art Car
Saturday,9:30 PM,10:30 PM,The Saints,Wasteland
Saturday,9:45 PM,10:45 PM,Discovery Project,Forest House
Saturday,9:45 PM,11:00 PM,Reid Speed,Insomniac Fridays
Saturday,10:00 PM,11:30 PM,Ahmed Spins,Neon Garden
Saturday,10:00 PM,11:30 PM,Alves,Casa Bacardí
Saturday,10:00 PM,11:30 PM,CRS?,Takis Rave Hangar
Saturday,10:00 PM,11:30 PM,Eve Lauren,Electrolit Hydration House
Saturday,10:00 PM,11:15 PM,OMNOM,Stereo Bloom
Saturday,10:07 PM,11:15 PM,Steve Aoki,Kinetic Field
Saturday,10:15 PM,11:15 PM,Dazy Duke,YeeDC!
Saturday,10:15 PM,11:30 PM,VTSS (In The Round),Cosmic Meadow
Saturday,10:30 PM,12:00 AM,HAAi B2B Luke Alessi,Bionic Jungle
Saturday,10:30 PM,11:30 PM,Paul Oakenfold,Quantum Valley
Saturday,10:30 PM,11:30 PM,Rob Gee B2B Lenny Dee,Wasteland
Saturday,10:30 PM,11:30 PM,YDG,Basspod
Saturday,10:45 PM,12:00 AM,Fluttershy,Picnic Party Art Car
Saturday,10:45 PM,12:00 AM,Matt Faulk,Forest House
Saturday,10:45 PM,12:00 AM,Player Dave,BeatBox Art Car
Saturday,10:45 PM,12:15 AM,Sammy Virji,Circuit Grounds
Saturday,11:00 PM,1:30 AM,"Fester, Oscure & Thee-O",Insomniac Fridays
Saturday,11:15 PM,12:30 AM,Noizu,Stereo Bloom
Saturday,11:19 PM,12:28 AM,Hardwell,Kinetic Field
Saturday,11:30 PM,12:30 AM,Andrew Rayel,Quantum Valley
Saturday,11:30 PM,12:30 AM,Delta Heavy,Basspod
Saturday,11:30 PM,1:00 AM,DREYA V,Casa Bacardí
Saturday,11:30 PM,1:00 AM,Fury,Takis Rave Hangar
Saturday,11:30 PM,12:30 AM,Lady Faith B2B LNY TNZ,Wasteland
Saturday,11:30 PM,1:30 AM,Luciano,Neon Garden
Saturday,11:30 PM,1:00 AM,Off in LALA,Electrolit Hydration House
Saturday,11:35 PM,12:35 AM,The Prodigy,Cosmic Meadow
Saturday,12:00 AM,1:30 AM,Canary Yellow,BeatBox Art Car
Saturday,12:00 AM,1:30 AM,DJ Flapjack,Picnic Party Art Car
Saturday,12:00 AM,1:00 AM,Madds,YeeDC!
Saturday,12:00 AM,1:15 AM,MCR-T,Bionic Jungle
Saturday,12:00 AM,1:00 AM,Polar Bears,Forest House
Saturday,12:15 AM,1:45 AM,Tiësto,Circuit Grounds
Saturday,12:30 AM,1:30 AM,Audiofreq B2B Code Black B2B Toneshifterz,Wasteland
Saturday,12:30 AM,1:30 AM,Getter,Basspod
Saturday,12:30 AM,1:30 AM,Maddix,Quantum Valley
Saturday,12:30 AM,1:45 AM,Wax Motif,Stereo Bloom
Saturday,12:32 AM,1:40 AM,John Summit,Kinetic Field
Saturday,12:40 AM,2:10 AM,BUNT. (In The Round),Cosmic Meadow
Saturday,1:00 AM,2:30 AM,Abana,Electrolit Hydration House
Saturday,1:00 AM,2:30 AM,Airglo,Takis Rave Hangar
Saturday,1:00 AM,2:00 AM,GRAVAGERZ,Forest House
Saturday,1:00 AM,2:30 AM,Trace,Casa Bacardí
Saturday,1:15 AM,2:30 AM,Bad Boombox B2B Ollie Lishman,Bionic Jungle
Saturday,1:30 AM,2:30 AM,Da Tweekaz,Wasteland
Saturday,1:30 AM,2:30 AM,Eptic B2B Space Laces,Basspod
Saturday,1:30 AM,3:00 AM,Jimmi Cricket,Picnic Party Art Car
Saturday,1:30 AM,2:30 AM,Mathame,Quantum Valley
Saturday,1:30 AM,2:45 AM,Mellinfunk,Insomniac Fridays
Saturday,1:30 AM,3:30 AM,Prospa,Neon Garden
Saturday,1:30 AM,3:00 AM,Samson,BeatBox Art Car
Saturday,1:30 AM,2:30 AM,Slim McGraw,YeeDC!
Saturday,1:45 AM,3:00 AM,CID,Stereo Bloom
Saturday,1:45 AM,3:15 AM,Peggy Gou B2B KI/KI,Circuit Grounds
Saturday,1:47 AM,2:57 AM,Subtronics,Kinetic Field
Saturday,2:00 AM,3:00 AM,Odd Language,Forest House
Saturday,2:10 AM,3:30 AM,Interplanetary Criminal,Cosmic Meadow
Saturday,2:30 AM,3:30 AM,Astrix,Quantum Valley
Saturday,2:30 AM,3:30 AM,Benwal,Bionic Jungle
Saturday,2:30 AM,4:00 AM,Discovery Project,Electrolit Hydration House
Saturday,2:30 AM,3:30 AM,Doctor P B2B Flux Pavilion B2B FuntCase,Basspod
Saturday,2:30 AM,4:00 AM,Eli Fola,Casa Bacardí
Saturday,2:30 AM,4:00 AM,Koji Aiken,Takis Rave Hangar
Saturday,2:30 AM,3:30 AM,Lil Texas,Wasteland
Saturday,2:45 AM,4:00 AM,Jon Bishop,Insomniac Fridays
Saturday,3:00 AM,4:00 AM,Damon Sharpe,Forest House
Saturday,3:00 AM,4:15 AM,HNTR,Stereo Bloom
Saturday,3:00 AM,4:15 AM,Mattilo,BeatBox Art Car
Saturday,3:00 AM,4:15 AM,Vulkauf,Picnic Party Art Car
Saturday,3:01 AM,4:10 AM,Kaskade,Kinetic Field
Saturday,3:15 AM,4:30 AM,Boys Noize,Circuit Grounds
Saturday,3:15 AM,4:15 AM,Taylor Kade,YeeDC!
Saturday,3:30 AM,4:30 AM,BAUGRUPPE90,Bionic Jungle
Saturday,3:30 AM,4:30 AM,HOL!,Basspod
Saturday,3:30 AM,5:30 AM,Josh Baker B2B KETTAMA B2B Prospa,Neon Garden
Saturday,3:30 AM,4:30 AM,MALUGI,Cosmic Meadow
Saturday,3:30 AM,4:30 AM,Mish,Wasteland
Saturday,3:30 AM,4:30 AM,T78,Quantum Valley
Saturday,4:00 AM,5:30 AM,Eric Davenport,Insomniac Fridays
Saturday,4:00 AM,5:30 AM,Falko,Takis Rave Hangar
Saturday,4:00 AM,5:30 AM,Micah Martin,Forest House
Saturday,4:00 AM,5:30 AM,Skilah,Casa Bacardí
Saturday,4:14 AM,5:28 AM,Above & Beyond (Sunrise Set),Kinetic Field
Saturday,4:15 AM,5:30 AM,BOLO (Sunrise Set),Stereo Bloom
Saturday,4:15 AM,5:30 AM,OKAYVAL,BeatBox Art Car
Saturday,4:15 AM,5:30 AM,Puking Spice Latte,Picnic Party Art Car
Saturday,4:30 AM,5:30 AM,Alyssa Jolee,Wasteland
Saturday,4:30 AM,5:30 AM,Club Angel,Bionic Jungle
Saturday,4:30 AM,5:30 AM,DJ Gigola B2B MCR-T,Cosmic Meadow
Saturday,4:30 AM,5:30 AM,Lilly Palmer,Circuit Grounds
Saturday,4:30 AM,5:30 AM,Mary Droppinz,Basspod
Saturday,4:30 AM,5:30 AM,Thomas Schumacher,Quantum Valley
Sunday,7:00 PM,8:30 PM,Alves,Bionic Jungle
Sunday,7:00 PM,8:00 PM,Assembly,Forest House
Sunday,7:00 PM,8:15 PM,Bad Beat,Neon Garden
Sunday,7:00 PM,8:15 PM,Chassi,BeatBox Art Car
Sunday,7:00 PM,8:30 PM,Connor q,Takis Rave Hangar
Sunday,7:00 PM,8:00 PM,Espii,Casa Bacardí
Sunday,7:00 PM,8:00 PM,GRAVAGERZ,Cosmic Meadow
Sunday,7:00 PM,8:00 PM,John Price,YeeDC!
Sunday,7:00 PM,8:30 PM,Kendo,Insomniac Fridays
Sunday,7:00 PM,8:00 PM,KLO,Stereo Bloom
Sunday,7:00 PM,8:30 PM,Linska,Circuit Grounds
Sunday,7:00 PM,8:30 PM,Marc V,Electrolit Hydration House
Sunday,7:00 PM,8:15 PM,Nerz,Picnic Party Art Car
Sunday,7:00 PM,7:50 PM,Nightstalker with MC Dino,Basspod
Sunday,7:00 PM,8:30 PM,Sihk,Wasteland
Sunday,7:00 PM,8:00 PM,Trace,Kinetic Field
Sunday,7:00 PM,8:00 PM,Warung,Quantum Valley
Sunday,7:50 PM,8:40 PM,Sippy,Basspod
Sunday,8:00 PM,9:15 PM,Murphy's Law,Stereo Bloom
Sunday,8:00 PM,9:00 PM,Nostalgix,Cosmic Meadow
Sunday,8:00 PM,9:00 PM,Shingo Nakamura,Quantum Valley
Sunday,8:00 PM,9:00 PM,Ship Wrek,Kinetic Field
Sunday,8:00 PM,9:00 PM,Soraya,Casa Bacardí
Sunday,8:00 PM,9:00 PM,Ward Andrews,Forest House
Sunday,8:15 PM,9:30 PM,Frankie Bones,Neon Garden
Sunday,8:15 PM,9:30 PM,Kimmycat,Picnic Party Art Car
Sunday,8:15 PM,9:30 PM,Odd Language,BeatBox Art Car
Sunday,8:30 PM,10:00 PM,ANNA,Circuit Grounds
Sunday,8:30 PM,9:30 PM,Clawz,Wasteland
Sunday,8:30 PM,10:00 PM,Fallen,Takis Rave Hangar
Sunday,8:30 PM,10:30 PM,ISAbella,Bionic Jungle
Sunday,8:30 PM,9:45 PM,Mars,Insomniac Fridays
Sunday,8:30 PM,10:00 PM,RAJE,Electrolit Hydration House
Sunday,8:40 PM,9:30 PM,EAZYBAKED,Basspod
Sunday,8:45 PM,9:45 PM,Bad Ash,YeeDC!
Sunday,9:00 PM,10:00 PM,Doozie,Casa Bacardí
Sunday,9:00 PM,10:00 PM,Layton Giordani,Kinetic Field
Sunday,9:00 PM,10:00 PM,Neon Deluz,Forest House
Sunday,9:00 PM,10:00 PM,Rebūke,Quantum Valley
Sunday,9:00 PM,10:00 PM,William Black,Cosmic Meadow
Sunday,9:15 PM,10:30 PM,Sidney Charles B2B Bushbaby,Stereo Bloom
Sunday,9:30 PM,10:50 PM,Adiel,Neon Garden
Sunday,9:30 PM,10:30 PM,INFEKT B2B Samplifire,Basspod
Sunday,9:30 PM,10:45 PM,Lexxy Jax,Picnic Party Art Car
Sunday,9:30 PM,10:30 PM,The Purge,Wasteland
Sunday,9:30 PM,10:45 PM,Wolfie,BeatBox Art Car
Sunday,9:45 PM,11:00 PM,Mark Lewis,Insomniac Fridays
Sunday,10:00 PM,11:30 PM,Beltran,Circuit Grounds
Sunday,10:00 PM,11:15 PM,BROSA,Casa Bacardí
Sunday,10:00 PM,11:00 PM,Cristoph,Quantum Valley
Sunday,10:00 PM,11:30 PM,Dena,Electrolit Hydration House
Sunday,10:00 PM,11:30 PM,Rohaan (DnB Set),Takis Rave Hangar
Sunday,10:00 PM,11:00 PM,San Holo (Wholesome Riddim Set),Cosmic Meadow
Sunday,10:00 PM,11:00 PM,Tensteps,Forest House
Sunday,10:07 PM,11:15 PM,Funk Tribu,Kinetic Field
Sunday,10:15 PM,11:15 PM,Sommer Ray,YeeDC!
Sunday,10:30 PM,11:30 PM,A.M.C with MC Phantom,Basspod
Sunday,10:30 PM,12:00 AM,KinAhau,Bionic Jungle
Sunday,10:30 PM,11:45 PM,Skream,Stereo Bloom
Sunday,10:30 PM,11:30 PM,Yosuf,Wasteland
Sunday,10:45 PM,12:00 AM,Chibs,BeatBox Art Car
Sunday,10:45 PM,12:00 AM,Simon Apex & Lostboy Tribute Set,Picnic Party Art Car
Sunday,10:50 PM,12:10 AM,DJ Gigola,Neon Garden
Sunday,11:00 PM,12:05 AM,Dabin,Cosmic Meadow
Sunday,11:00 PM,12:00 AM,Eli & Fur,Quantum Valley
Sunday,11:00 PM,12:00 AM,Just.Shaun,Forest House
Sunday,11:00 PM,12:15 AM,Steve Loria,Insomniac Fridays
Sunday,11:15 PM,1:30 AM,Juos,Casa Bacardí
Sunday,11:19 PM,12:28 AM,GRiZ B2B Wooli,Kinetic Field
Sunday,11:30 PM,1:00 AM,Chris Stussy,Circuit Grounds
Sunday,11:30 PM,12:30 AM,DJ Isaac,Wasteland
Sunday,11:30 PM,1:00 AM,Eric D-Lux,Electrolit Hydration House
Sunday,11:30 PM,1:00 AM,Justin Hawkes,Takis Rave Hangar
Sunday,11:30 PM,12:30 AM,Virtual Riot,Basspod
Sunday,11:45 PM,1:00 AM,Hamdi,Stereo Bloom
Sunday,12:00 AM,1:30 AM,2DY4,BeatBox Art Car
Sunday,12:00 AM,1:00 AM,Disko Cowboy,YeeDC!
Sunday,12:00 AM,1:00 AM,Goshfather,Forest House
Sunday,12:00 AM,1:30 AM,Kuta,Picnic Party Art Car
Sunday,12:00 AM,1:30 AM,Tiga,Bionic Jungle
Sunday,12:00 AM,1:00 AM,Tinlicker (DJ Set),Quantum Valley
Sunday,12:05 AM,1:05 AM,Alison Wonderland,Cosmic Meadow
Sunday,12:10 AM,1:30 AM,999999999,Neon Garden
Sunday,12:15 AM,1:30 AM,Frankie Bones,Insomniac Fridays
Sunday,12:30 AM,1:30 AM,Peekaboo,Basspod
Sunday,12:30 AM,1:30 AM,Vieze Asbak,Wasteland
Sunday,12:32 AM,1:40 AM,Zedd,Kinetic Field
Sunday,1:00 AM,2:30 AM,AK1200,Takis Rave Hangar
Sunday,1:00 AM,2:15 AM,Cassian,Quantum Valley
Sunday,1:00 AM,2:15 AM,Chris Lorenzo B2B BulletTooth,Stereo Bloom
Sunday,1:00 AM,2:30 AM,OKAYVAL,Electrolit Hydration House
Sunday,1:00 AM,2:00 AM,Silver Panda,Forest House
Sunday,1:00 AM,2:30 AM,Solomun,Circuit Grounds
Sunday,1:05 AM,2:20 AM,Seven Lions,Cosmic Meadow
Sunday,1:30 AM,2:30 AM,AHEE B2B Liquid Stranger,Basspod
Sunday,1:30 AM,2:30 AM,Ashley Walls,YeeDC!
Sunday,1:30 AM,3:30 AM,DJ Tennis B2B Red Axes,Bionic Jungle
Sunday,1:30 AM,2:45 AM,Donald Glaude,Insomniac Fridays
Sunday,1:30 AM,2:50 AM,Indira Paganotto,Neon Garden
Sunday,1:30 AM,3:00 AM,Lucky Rabbit,Picnic Party Art Car
Sunday,1:30 AM,2:45 AM,Rommii,Casa Bacardí
Sunday,1:30 AM,3:00 AM,Sqishi,BeatBox Art Car
Sunday,1:30 AM,2:30 AM,Sub Zero Project,Wasteland
Sunday,1:47 AM,2:57 AM,Martin Garrix,Kinetic Field
Sunday,2:00 AM,3:00 AM,NEKTER,Forest House
Sunday,2:15 AM,3:30 AM,Massano,Quantum Valley
Sunday,2:15 AM,3:30 AM,Silva Bumpa,Stereo Bloom
Sunday,2:20 AM,3:20 AM,Restricted,Cosmic Meadow
Sunday,2:30 AM,4:00 AM,APX1,Takis Rave Hangar
Sunday,2:30 AM,4:00 AM,MTK,Electrolit Hydration House
Sunday,2:30 AM,3:30 AM,Rooler,Wasteland
Sunday,2:30 AM,4:00 AM,Vintage Culture,Circuit Grounds
Sunday,2:30 AM,3:30 AM,Whethan,Basspod
Sunday,2:45 AM,4:00 AM,Charles Feelgood,Insomniac Fridays
Sunday,2:45 AM,4:00 AM,Close Friends Only,Casa Bacardí
Sunday,2:50 AM,4:10 AM,KI/KI,Neon Garden
Sunday,3:00 AM,4:15 AM,Muñequita,Picnic Party Art Car
Sunday,3:00 AM,4:15 AM,SISTO,BeatBox Art Car
Sunday,3:00 AM,4:00 AM,Tim Clark,Forest House
Sunday,3:01 AM,4:10 AM,Cloonee,Kinetic Field
Sunday,3:15 AM,4:15 AM,Willie Pake,YeeDC!
Sunday,3:20 AM,4:30 AM,Black Tiger Sex Machine,Cosmic Meadow
Sunday,3:30 AM,5:30 AM,Beltran B2B Simas,Bionic Jungle
Sunday,3:30 AM,4:30 AM,Boogie T B2B Distinct Motive,Basspod
Sunday,3:30 AM,4:30 AM,Innellea,Quantum Valley
Sunday,3:30 AM,4:30 AM,Morgan Seatree,Stereo Bloom
Sunday,3:30 AM,4:30 AM,Warface,Wasteland
Sunday,4:00 AM,5:30 AM,B2B2B2B,Casa Bacardí
Sunday,4:00 AM,5:30 AM,Kevin de Vries,Circuit Grounds
Sunday,4:00 AM,5:30 AM,Mark E Quark,Insomniac Fridays
Sunday,4:00 AM,5:30 AM,Scooba,Takis Rave Hangar
Sunday,4:00 AM,5:30 AM,Synnhaven,Forest House
Sunday,4:10 AM,5:30 AM,Klangkuenstler,Neon Garden
Sunday,4:14 AM,5:28 AM,Armin van Buuren (Sunrise Set),Kinetic Field
Sunday,4:15 AM,5:30 AM,2b Happy,Picnic Party Art Car
Sunday,4:15 AM,5:30 AM,Vicious,BeatBox Art Car
Sunday,4:30 AM,5:30 AM,ÆON:MODE (Sunrise Set),Basspod
Sunday,4:30 AM,5:30 AM,KREAM,Quantum Valley
Sunday,4:30 AM,5:30 AM,Lu.Re,Stereo Bloom
Sunday,4:30 AM,5:30 AM,MADGRRL B2B VESSEL,Wasteland
Sunday,4:30 AM,5:30 AM,Nico Moreno B2B Holy Priest,Cosmic Meadow
